-- phpMyAdmin SQL Dump
-- version 4.9.2
-- https://www.phpmyadmin.net/
--
-- Host: 127.0.0.1
-- Generation Time: Jan 08, 2020 at 06:17 PM
-- Server version: 10.4.10-MariaDB
-- PHP Version: 7.3.12

SET SQL_MODE = "NO_AUTO_VALUE_ON_ZERO";
SET AUTOCOMMIT = 0;
START TRANSACTION;
SET time_zone = "+00:00";


/*!40101 SET @OLD_CHARACTER_SET_CLIENT=@@CHARACTER_SET_CLIENT */;
/*!40101 SET @OLD_CHARACTER_SET_RESULTS=@@CHARACTER_SET_RESULTS */;
/*!40101 SET @OLD_COLLATION_CONNECTION=@@COLLATION_CONNECTION */;
/*!40101 SET NAMES utf8mb4 */;

--
-- Database: `db_spp`
--

-- --------------------------------------------------------

--
-- Table structure for table `tb_admin`
--

CREATE TABLE `tb_admin` (
  `id_admin` int(10) NOT NULL,
  `username` varchar(15) NOT NULL,
  `password` varchar(15) NOT NULL
) ENGINE=InnoDB DEFAULT CHARSET=latin1;

--
-- Dumping data for table `tb_admin`
--

INSERT INTO `tb_admin` (`id_admin`, `username`, `password`) VALUES
(1, 'admin', '654321');

-- --------------------------------------------------------

--
-- Table structure for table `tb_kelas`
--

CREATE TABLE `tb_kelas` (
  `id_kelas` int(11) NOT NULL,
  `kode_kelas` varchar(15) NOT NULL,
  `wali_kelas` text NOT NULL,
  `tahun_ajaran` int(4) NOT NULL
) ENGINE=InnoDB DEFAULT CHARSET=latin1;

--
-- Dumping data for table `tb_kelas`
--

INSERT INTO `tb_kelas` (`id_kelas`, `kode_kelas`, `wali_kelas`, `tahun_ajaran`) VALUES
(1, 'XII IPA B', 'Tambunan', 2010),
(2, 'X IPS C', 'Ente', 2010),
(3, 'XII IPS A', 'FN', 2010);

-- --------------------------------------------------------

--
-- Table structure for table `tb_kepsek`
--

CREATE TABLE `tb_kepsek` (
  `id kepsek` int(11) NOT NULL,
  `username` varchar(20) NOT NULL,
  `password` varchar(20) NOT NULL
) ENGINE=InnoDB DEFAULT CHARSET=latin1;

--
-- Dumping data for table `tb_kepsek`
--

INSERT INTO `tb_kepsek` (`id kepsek`, `username`, `password`) VALUES
(1, 'kepsek', 'inteli5');

-- --------------------------------------------------------

--
-- Table structure for table `tb_pembayaran`
--

CREATE TABLE `tb_pembayaran` (
  `id_pembayaran` int(6) NOT NULL,
  `id_siswa` int(11) NOT NULL,
  `id_kelas` int(11) NOT NULL,
  `tanggal_bayar` date NOT NULL,
  `jumlah_bayar` int(10) NOT NULL,
  `jumlah_bayar_2` int(11) NOT NULL,
  `p_bulan` int(2) NOT NULL,
  `p_tahun` int(4) NOT NULL,
  `Status` enum('Lunas','Belum Lunas') DEFAULT NULL
) ENGINE=InnoDB DEFAULT CHARSET=latin1;

--
-- Dumping data for table `tb_pembayaran`
--

INSERT INTO `tb_pembayaran` (`id_pembayaran`, `id_siswa`, `id_kelas`, `tanggal_bayar`, `jumlah_bayar`, `jumlah_bayar_2`, `p_bulan`, `p_tahun`, `Status`) VALUES
(6, 1, 1, '2019-12-03', 140000, 0, 1, 2010, NULL),
(8, 1, 2, '2019-12-03', 145000, 0, 2, 2010, NULL),
(9, 3, 3, '2019-12-03', 120000, 25000, 1, 2010, NULL),
(11, 5, 1, '2019-12-03', 30000, 115000, 1, 2010, NULL),
(12, 1, 1, '2019-12-03', 120000, 25000, 3, 2010, NULL),
(13, 5, 2, '2019-12-01', 110000, 35000, 2, 2012, NULL),
(14, 3, 1, '2020-01-09', 140000, 0, 2, 2010, NULL);

-- --------------------------------------------------------

--
-- Table structure for table `tb_siswa`
--

CREATE TABLE `tb_siswa` (
  `id_siswa` int(11) NOT NULL,
  `nis` int(15) NOT NULL,
  `nama_siswa` text NOT NULL,
  `pw_siswa` varchar(30) DEFAULT '',
  `jenis_kelamin` enum('Laki-Laki','Perempuan','') NOT NULL,
  `tanggal_lahir` date NOT NULL,
  `alamat` text NOT NULL,
  `telpon` varchar(15) NOT NULL,
  `tahun_ajaran` int(4) NOT NULL,
  `fotosiswa` varchar(50) NOT NULL,
  `Verifikasi` enum('Sudah','Belum') DEFAULT NULL
) ENGINE=InnoDB DEFAULT CHARSET=latin1;

--
-- Dumping data for table `tb_siswa`
--

INSERT INTO `tb_siswa` (`id_siswa`, `nis`, `nama_siswa`, `pw_siswa`, `jenis_kelamin`, `tanggal_lahir`, `alamat`, `telpon`, `tahun_ajaran`, `fotosiswa`, `Verifikasi`) VALUES
(1, 123, 'Fw', '03122019', 'Laki-Laki', '2019-12-03', ' Tes', '82232321441', 2010, 'michael-henry-5OyGRn_r9Y4-unsplash.jpg', 'Belum'),
(3, 234, 'ASD', '03122019', 'Laki-Laki', '2019-12-03', 'asdasd', '8223232144111', 2010, '13.PNG', 'Sudah'),
(4, 345, 'adasd', '03122019', 'Laki-Laki', '2019-12-03', 'adasdasd', '08454848', 2012, '345.jpg', 'Sudah'),
(5, 777, 'FF', '03122019', 'Perempuan', '2019-12-01', 'AW', '111111', 2011, 'KCRVJFVYN5DQNOKI5YFY4PGAXE.jpg', 'Sudah'),
(7, 124, 'asdasdasd', '05122019', 'Perempuan', '2019-12-05', 'adadasdasdas', '2312312321', 2010, '124.PNG', NULL),
(8, 255, 'asdasdasdasd', '12122019', 'Laki-Laki', '2019-12-12', 'asdasd', '25874125485', 2010, '255.PNG', NULL),
(9, 7575, 'Hell lose', '09012020', 'Laki-Laki', '2020-01-09', 'adasdasasdas', '082221212121', 2010, '7575.jpg', NULL);

--
-- Indexes for dumped tables
--

--
-- Indexes for table `tb_admin`
--
ALTER TABLE `tb_admin`
  ADD PRIMARY KEY (`id_admin`);

--
-- Indexes for table `tb_kelas`
--
ALTER TABLE `tb_kelas`
  ADD PRIMARY KEY (`id_kelas`),
  ADD UNIQUE KEY `kode_kelas` (`kode_kelas`);

--
-- Indexes for table `tb_kepsek`
--
ALTER TABLE `tb_kepsek`
  ADD PRIMARY KEY (`id kepsek`);

--
-- Indexes for table `tb_pembayaran`
--
ALTER TABLE `tb_pembayaran`
  ADD PRIMARY KEY (`id_pembayaran`),
  ADD KEY `fk_siswa` (`id_siswa`),
  ADD KEY `fk_kelas` (`id_kelas`);

--
-- Indexes for table `tb_siswa`
--
ALTER TABLE `tb_siswa`
  ADD PRIMARY KEY (`id_siswa`),
  ADD UNIQUE KEY `nis` (`nis`);

--
-- AUTO_INCREMENT for dumped tables
--

--
-- AUTO_INCREMENT for table `tb_admin`
--
ALTER TABLE `tb_admin`
  MODIFY `id_admin` int(10) NOT NULL AUTO_INCREMENT, AUTO_INCREMENT=2;

--
-- AUTO_INCREMENT for table `tb_kelas`
--
ALTER TABLE `tb_kelas`
  MODIFY `id_kelas` int(11) NOT NULL AUTO_INCREMENT, AUTO_INCREMENT=4;

--
-- AUTO_INCREMENT for table `tb_kepsek`
--
ALTER TABLE `tb_kepsek`
  MODIFY `id kepsek` int(11) NOT NULL AUTO_INCREMENT, AUTO_INCREMENT=2;

--
-- AUTO_INCREMENT for table `tb_pembayaran`
--
ALTER TABLE `tb_pembayaran`
  MODIFY `id_pembayaran` int(6) NOT NULL AUTO_INCREMENT, AUTO_INCREMENT=15;

--
-- AUTO_INCREMENT for table `tb_siswa`
--
ALTER TABLE `tb_siswa`
  MODIFY `id_siswa` int(11) NOT NULL AUTO_INCREMENT, AUTO_INCREMENT=10;

--
-- Constraints for dumped tables
--

--
-- Constraints for table `tb_pembayaran`
--
ALTER TABLE `tb_pembayaran`
  ADD CONSTRAINT `fk_kelas` FOREIGN KEY (`id_kelas`) REFERENCES `tb_kelas` (`id_kelas`) ON DELETE CASCADE ON UPDATE CASCADE,
  ADD CONSTRAINT `fk_siswa` FOREIGN KEY (`id_siswa`) REFERENCES `tb_siswa` (`id_siswa`) ON DELETE CASCADE ON UPDATE NO ACTION;
COMMIT;

/*!40101 SET CHARACTER_SET_CLIENT=@OLD_CHARACTER_SET_CLIENT */;
/*!40101 SET CHARACTER_SET_RESULTS=@OLD_CHARACTER_SET_RESULTS */;
/*!40101 SET COLLATION_CONNECTION=@OLD_COLLATION_CONNECTION */;
